{
    "navigation": [
        {"text": "Home", "href": "index.html"},
        {"text": "About Us", "href": "AboutUs.html"},
        {"text": "Hotels", "href": "Hotels.html"},
        {"text": "Travels", "href": "travels.html"},
        {"text": "My Booking", "href": "booking.html"},
        {"text": "Contact Us", "href": "ContactUs.html"},
        {"text": "Login", "href": "login.html"},
        {"text": "Book Now", "href": "booknow.html"}
    ],
    "homeQuote": "Travel Far, Travel Often, Travel Smart.",
    "signupForm": {
        "fields": [
            {"type": "text", "placeholder": "Name"},
            {"type": "email", "placeholder": "Email"},
            {"type": "password", "placeholder": "Password"}
        ],
        "submitText": "Sign Up"
    }
}
