{
    "navigation": [
      { "text": "Home", "href": "index.html" },
      { "text": "About Us", "href": "AboutUs.html" },
      { "text": "Hotels", "href": "Hotels.html" },
      { "text": "Travels", "href": "travels.html" },
      { "text": "My Booking", "href": "booking.html" },
      { "text": "Contact Us", "href": "ContactUs.html" },
      { "text": "Login", "href": "login.html" }
    ],
    "pageTitle": "Explore Hotels",
    "locations": [
      {
        "city": "Mumbai",
        "link": "Hotels2.html",
        "description": "Hotels, Budget Hotels, Resorts, Couple Hotels, Near Mumbai Airport"
      },
      {
        "city": "Delhi",
        "link": "Hotels3.html",
        "description": "Hotels, Budget Hotels, Resorts, Best Hotels, Near IGI Airport"
      },
      {
        "city": "Goa",
        "description": "Hotels, Budget Hotels, Resorts, Best Hotels, North Goa, Villas"
      },
      {
        "city": "Singapore",
        "description": "Hotels, 5 Star Hotels, Little India, Orchard Road, Hotels in Sentosa"
      },
      {
        "city": "Bangkok",
        "description": "Hotels, 3 Star Hotels, 5 Star Hotels, Hostels, Budget Hotels, Hotels in Sukhumvit"
      },
      {
        "city": "Maldives",
        "description": "Hotels, 3 Star Hotels, Resorts, 5 Star Hotels, 4 Star Hotels, Hotels in Male"
      }
    ],
    "pagination": [
      { "text": "&laquo;", "href": "Hotels.html" },
      { "text": "1", "href": "Hotels.html" },
      { "text": "2", "href": "Hotels2.html" },
      { "text": "3", "href": "Hotels3.html" },
      { "text": "&raquo;", "href": "Hotels2.html" }
    ]
  }
  